FEATURE_ID,NAME,TEXT,VETERINARY_LOOPED_IN_BITS
0,100000
1,100000
2,100000
3,000001
4,100000
5,100000
6,100000
7,100000
8,000001
9,100000
10,100000
11,000001
12,000010
13,000001
14,000001
15,100000
16,100000
17,100000
18,100000
19,100000
20,100000
21,100000
22,100000
23,100000
24,110100
25,110100
26,100000
27,100000
28,000010
29,000001
30,100000
31,100000
32,100000
33,011100
34,100000
35,100000
36,100000
37,000001
38,100000
39,100000
40,100000
41,100000
42,110100
43,110100
44,100000
45,000001
46,100000
47,100000
48,010000
49,100000
50,100000
51,110110
52,000001
53,100000
54,100000
55,000010
56,010000
57,100000
58,100000
59,100000
60,000001
61,110010
62,000001
63,100000
64,100000
65,010000
66,100000
67,100000
68,000001
69,100000
70,100000
71,100000
72,100000
73,100000
74,100000
75,000001
76,100000
77,000001
78,100000
79,100000
80,100000
81,111100
82,100000
83,100000
84,000001
85,100000
86,100000
87,110000
88,000001
89,100000
90,100000
91,111000
92,100000
93,100000
94,100000
95,100100
96,100000
97,100000
98,100000
99,100000
100,100000
101,000001
102,010010
103,100000
104,100000
105,100000
106,100000
107,000001
108,000001
109,100000
110,101000
111,000001
112,100000
113,000001
114,100000
115,000001
116,100000
117,100000
118,100000
119,100000
120,100000
121,100000
122,100000
123,100000
124,100000
125,100000
126,100000
127,100000
128,100000
129,100000
130,100000
131,100000
132,100000
133,100000
134,100000
135,100000
136,100000
137,100000
138,100000
139,000001
140,100000
141,100000
142,100000
143,100000
144,100000
145,000001
146,000001
147,100000
148,000001
149,100000
150,100000
151,000001
152,100000
153,100000
154,100000
155,100000
156,100000
157,100000
158,100100
159,100000
160,000001
161,100000
162,100000
163,101000
164,100000
165,000001
166,100000
167,100000
168,100000
169,000001
170,100000
171,100000
172,100000
173,100000
174,100000
175,100000
176,000001
177,100000
178,100000
179,100000
180,100000
181,100000
182,100000
183,100000
184,100000
185,100000
186,100000
187,100000
188,100000
189,000001
190,100000
191,100000
192,100000
193,100000
194,100000
195,100000
196,100000
197,100000
198,000001
199,100000
200,100000
201,100000
202,100000
203,100000
204,100000
205,100000
206,100000
207,100000
208,100000
209,100000
210,000001
211,100000
212,100000
213,100000
214,000001
215,100000
216,100000
217,100000
218,100000
219,100000
220,000001
221,000001
222,100000
223,100000
224,100000
225,000001
226,100000
227,000001
228,100000
229,100000
230,100000
231,100000
232,100000
233,100000
234,100000
235,100000
236,100000
237,100000
238,000001
239,100000
240,100000
241,000001
242,100000
243,100000
244,100000
245,100000
246,000001
247,000001
248,100000
249,100000
250,100000
251,100000
252,100000
253,100000
254,100000
255,100000
256,100000
257,100000
258,100000
259,100000
260,100000
261,100000
262,100000
263,100000
264,100000
265,100000
266,100000
267,100000
268,100000
269,100000
270,100000
271,100000
272,100000
273,000001
274,100000
275,000001
276,100000
277,000001
278,100000
279,100000
280,100100
281,100000
282,100000
283,100000
284,100000
285,100000
286,100000
287,000001
288,100000
289,100000
290,100000
291,100000
292,100000
293,100000
294,100000
295,100000
296,100000
297,100000
298,100000
299,100000
300,100000
301,100000
302,100000
303,100000
304,100000
305,100000
306,100000
307,100000
308,100000
309,100000
310,100000
311,100000
312,000001
313,100000
314,000001
315,100000
316,100000
317,000001
318,000001
319,101000
320,100000
321,100000
322,100000
323,100000
324,100000
325,100000
326,100000
327,100000
328,100000
329,100000
330,100000
331,100000
332,100000
333,100000
334,000001
335,100000
336,000001
337,100000
338,100000
339,000001
340,100000
341,100000
342,100000
343,100000
344,100000
345,100000
346,100000
347,100000
348,100000
349,100000
350,100000
351,000001
352,100000
353,100000
354,100000
355,100000
356,100000
357,001100
358,100000
359,000001
360,100000
361,100000
362,100000
363,100000
364,000001
365,100000
366,100000
367,100000
368,100000
369,100000
370,100000
371,100000
372,100000
373,000001
374,100000
375,100000
376,100000
377,100000
378,100000
379,100000
380,100000
381,100000
382,100000
383,100000
384,000001
385,100000
386,100000
387,100000
388,100000
389,100000
390,100000
391,100100
392,100000
393,100000
394,100000
395,100000
396,100000
397,100000
398,100000
399,000001
400,000001
401,100000
402,100000
403,100000
404,100000
405,100000
406,000001
407,100000
408,100000
409,100000
410,100000
411,100000
412,100000
413,000001
414,100000
415,100000
416,100000
417,000001
418,001000
419,100000
420,100000
421,100000
422,100000
423,100000
424,100000
425,100000
426,100000
427,100000
428,100000
429,100000
430,100000
431,100000
432,100000
433,100000
434,100000
435,100000
436,100000
437,100000
438,100000
439,100000
440,100000
441,100000
442,000001
443,100000
444,100000
445,100000
446,100000
447,100000
448,100000
449,100000
450,100000
451,100000
452,100000
453,100000
454,100000
455,100000
456,100000
457,100000
458,100000
459,100000
460,100000
461,100000
462,100000
463,100000
464,100000
465,100000
466,100000
467,100000
468,100000
469,100000
470,100000
471,100000
472,100000
473,100000
474,100000
475,100000
476,000001
477,100000
478,100000
479,100000
480,100000
481,100000
482,100000
483,100000
484,100000
485,100000
486,100000
487,100000
488,100000
489,100000
490,100000
491,100000
492,100000
493,100000
494,100000
495,100000
496,100000
497,100000
498,100000
499,000001
500,100000
501,100000
502,100000
503,100000
504,100000
505,100000
506,000001
507,100000
508,000001
509,100000
510,100000
511,100000
512,100000
513,100000
514,100000
515,100000
516,000001
517,100000
518,100000
519,000001
520,100000
521,100000
522,100000
523,100000
524,100000
525,100000
526,100000
527,100000
528,000001
529,100000
530,100000
531,100000
532,100000
533,100000
534,100000
535,000001
536,100000
537,100000
538,100000
539,100000
540,100000
541,000001
542,100000
543,000001
544,000001
545,000001
546,100000
547,100000
548,100000
549,100000
550,000100
551,100000
552,100000
553,100000
554,100000
555,100000
556,100000
557,100000
558,100000
559,100000
560,100000
561,100000
562,100000
563,000001
564,001000
565,100000
566,100000
567,100000
568,100000
569,100000
570,100000
571,000001
572,100000
573,100000
574,100000
575,100000
576,100000
577,100000
578,000001
579,000001
580,100000
581,100000
582,100000
583,100000
584,100000
585,100000
586,000001
587,000001
588,100000
589,100000
590,000001
591,100000
592,100000
593,100000
594,000001
595,100000
596,100000
597,100000
598,100000
599,100000
600,000001
601,100000
602,100000
603,100000
604,100000
605,000001
606,100000
607,100000
608,000001
609,100000
610,000001
611,100000
612,100000
613,100000
614,100000
615,100000
616,100000
617,100000
618,100000
619,100000
620,100000
621,000001
622,100000
623,100000
624,100000
625,100000
626,001000
627,000001
628,100000
629,100000
630,000001
631,000001
632,001000
633,100000
634,100000
635,000001
636,100000
637,100000
638,100000
639,100000
640,100000
641,000001
642,000001
643,100000
644,000001
645,100000
646,100000
647,100000
648,100000
649,000001
650,100000
651,100000
652,100000
653,100000
654,100000
655,100000
656,100000
657,100000
658,100000
659,100000
660,000001
661,100000
662,100000
663,000001
664,100000
665,000001
666,100000
667,100000
668,100000
669,100000
670,100000
671,100000
672,100000
673,001000
674,100000
675,100000
676,100000
677,100000
678,000001
679,000001
680,100000
681,100000
682,100000
683,000001
684,100000
685,100000
686,100000
687,100000
688,100000
689,100000
690,100000
691,100000
692,000001
693,100000
694,000001
695,100000
696,100000
697,100000
698,000001
699,100000
700,100000
701,100000
702,100000
703,000001
704,100000
705,100000
706,100000
707,000001
708,100000
709,100000
710,100000
711,100000
712,100000
713,100000
714,100000
715,001000
716,100000
717,100000
718,100000
719,100000
720,100000
721,100000
722,100000
723,100000
724,100000
725,100000
726,000001
727,100000
728,100000
729,100000
730,000001
731,000001
732,100000
733,100000
734,000001
735,100000
736,000001
737,100000
738,000001
739,100000
740,100000
741,100000
742,100000
743,101000
744,100000
745,000001
746,100000
747,101100
748,100000
749,100000
750,000001
751,100000
752,100000
753,100000
754,000001
755,000001
756,100000
757,100000
758,100000
759,000001
760,100000
761,100000
762,000001
763,100000
764,100000
765,100000
766,100000
767,100000
768,100000
769,100000
770,100000
771,100000
772,100000
773,100000
774,000001
775,000001
776,100000
777,000001
778,100000
779,100000
780,100000
781,000001
782,100000
783,100000
784,100000
785,100000
786,100000
787,000001
788,000001
789,100000
790,000001
791,100000
792,100000
793,000001
794,100000
795,100000
796,100000
797,000001
798,100000
799,100000
800,100000
801,100000
802,100000
803,100000
804,100000
805,100000
806,100000
807,100000
808,000001
809,100000
810,100000
811,100000
812,100000
813,100000
814,000001
815,100000
816,100000
817,100000
818,100000
819,100000
820,000001
821,100000
822,100000
823,100000
824,100000
825,000001
826,100000
827,100000
828,100000
829,000001
830,100000
831,100000
832,100000
833,100000
834,100000
835,100000
836,100000
837,100000
838,100000
839,100000
840,000001
841,100000
842,100000
843,000001
844,100000
845,000001
846,100000
847,100000
848,100000
849,100000
850,100000
851,100000
852,100000
853,100000
854,100000
855,100000
856,100000
857,100000
858,100000
859,100000
860,100000
861,000001
862,100000
863,100000
864,100000
865,100000
866,100000
867,100000
868,100000
869,100100
870,100000
871,100000
872,100000
873,100000
874,100000
875,100000
876,100000
877,100000
878,000001
879,100000
880,100000
881,100000
882,100000
883,100000
884,100000
885,100000
886,100000
887,100000
888,100000
889,100000
890,100000
891,100000
892,100000
893,100000
894,100000
895,100000
896,100000
897,100000
898,100000
899,100000
900,000001
901,100000
902,000001
903,100000
904,100000
905,100000
906,100000
907,100000
908,100000
909,100000
910,100000
911,100000
912,000001
913,100000
914,100000
915,100000
916,100000
917,100000
918,100000
919,100000
920,100000
921,100000
922,100000
923,000001
924,100000
925,100000
926,100000
927,100000
928,100000
929,000001
930,100000
931,100000
932,100000
933,000001
934,100000
935,100000
936,100000
937,100000
938,100000
939,100000
940,100000
941,100000
942,100000
943,100000
944,100000
945,100000
946,100000
947,100000
948,100000
949,000001
950,100000
951,100000
952,100000
953,100000
954,100000
955,100000
956,100000
957,100000
958,100000
959,100000
960,100000
961,100000
962,100000
963,100000
964,100000
965,100000
966,100000
967,100000
968,100000
969,000001
970,100000
971,000001
972,100000
973,100000
974,100000
975,100000
976,100000
977,100000
978,100000
979,100000
980,100000
981,100000
982,100000
983,100000
984,100000
985,100000
986,000001
987,100000
988,000001
989,100000
990,100000
991,100000
992,100000
993,100000
994,100000
995,000001
996,100000
997,100000
998,100000
999,100000
1000,100000
1001,100000
1002,100000
1003,100000
1004,100000
1005,100000
1006,100000
1007,100000
1008,000001
1009,100000
1010,100000
1011,100000
1012,000001
1013,100000
1014,100000
1015,100000
1016,100000
1017,100000
1018,100000
1019,100000
1020,100000
1021,100000
1022,000001
1023,100000
1024,100000
1025,100000
1026,100000
1027,100000
1028,000001
1029,100000
1030,100000
1031,100000
1032,100000
1033,000001
1034,100000
1035,100000
1036,000001
1037,100000
1038,000001
1039,100000
1040,100000
1041,100000
1042,100000
1043,100000
1044,100000
1045,100000
1046,100000
1047,100000
1048,100000
1049,100000
1050,000001
1051,000001
1052,000001
1053,100000
1054,100000
1055,100000
1056,100000
1057,100000
1058,100000
1059,000001
1060,100000
1061,100000
1062,100000
1063,100000
1064,000001
1065,000001
1066,100000
1067,100000
1068,100000
1069,000001
1070,100000
1071,000001
1072,100000
1073,100000
1074,100000
1075,100000
1076,000001
1077,100000
1078,100000
1079,100000
1080,000001
1081,000001
1082,100000
1083,100000
1084,000001
1085,100000
1086,100000
1087,100000
1088,100000
1089,100000
1090,100100
1091,100000
1092,100000
1093,100000
1094,100000
1095,100000
1096,100000
1097,100000
1098,100000
1099,000001
1100,010110
1101,110100
1102,100000
1103,100000
1104,100000
1105,100010
1106,000001
1107,100000
1108,100000
1109,100000
1110,100000
1111,100000
1112,100000
1113,100000
1114,000001
1115,000001
1116,000001
1117,110110
1118,100100
1119,100000
1120,110000
1121,100000
1122,100000
1123,000001
1124,100000
1125,000001
1126,010000
1127,100000
1128,000001
1129,100000
1130,100000
1131,100000
1132,100000
1133,100000
1134,100000
1135,100000
1136,100000
1137,010000
1138,000010
1139,100000
1140,100000
1141,000001
1142,100000
1143,100000
1144,100000
1145,100000
1146,111100
1147,010100
1148,001000
1149,100000
1150,100000
1151,100000
1152,000001
1153,100000
1154,100000
1155,100000
1156,110100
1157,100000
1158,011100
1159,100000
1160,100000
1161,100000
1162,100000
1163,010010
1164,100000
1165,100000
1166,100000
1167,000001
1168,100010
1169,000001
1170,100010
1171,100010
1172,000001
1173,100000
1174,100000
1175,101100
1176,100000
1177,100000
1178,010010
1179,010010
1180,100010
1181,000001
1182,010000
1183,100000
1184,000001
1185,000100
1186,010110
1187,100000
1188,000001
1189,100000
1190,100000
1191,100000
1192,100000
1193,000001
1194,100000
1195,100000
1196,000001
1197,010110
1198,100000
1199,100000
1200,000001
1201,100000
1202,100000
1203,000001
1204,100000
1205,100000
1206,100000
1207,000010
1208,100000
1209,100000
1210,000001
1211,100000
1212,100000
1213,100000
1214,100000
1215,100000
1216,110000
1217,000001
1218,100000
1219,100000
1220,000010
1221,100000
1222,100000
1223,001000
1224,100000
1225,000010
1226,100000
1227,100000
1228,100000
1229,000001
1230,100000
1231,100000
1232,000001
1233,010010
1234,100000
1235,000001
1236,100000
1237,100000
1238,100000
1239,000001
1240,000001
1241,100000
1242,100000
1243,000010
1244,110000
1245,100000
1246,110000
1247,100000
1248,100000
1249,100000
1250,100000
1251,100000
1252,000001
1253,100000
1254,000001
1255,110000
1256,100000
1257,101100
1258,100000
1259,100000
1260,100000
1261,100000
1262,010010
1263,100000
1264,100000
1265,100000
1266,100000
1267,000010
1268,100000
1269,000001
1270,100010
1271,100000
1272,100000
1273,100000
1274,100000
1275,100000
1276,000001
1277,100000
1278,100000
1279,101000
1280,000001
1281,010000
1282,100000
1283,100000
1284,100000
1285,100000
1286,100000
1287,100000
1288,010010
1289,100000
1290,100000
1291,100000
1292,100000
1293,100000
1294,100000
1295,100000
1296,000001
1297,010000
1298,110100
1299,100000
1300,100000
1301,100000
1302,100000
1303,000001
1304,100000
1305,110000
1306,011010
1307,011010
1308,000001
1309,100010
1310,100000
1311,100000
1312,100000
1313,100000
1314,000001
1315,010000
1316,110000
1317,000001
1318,100000
1319,100000
1320,100000
1321,110100
1322,100000
1323,000001
1324,000001
1325,101100
1326,100000
1327,100000
1328,000001
1329,010110
1330,100000
1331,000001
1332,010100
1333,000001
1334,000001
1335,100000
1336,100000
1337,111100
1338,100000
1339,100000
1340,101000
1341,100000
1342,100000
1343,100000
1344,100000
1345,000001
1346,100000
1347,010000
1348,000001
1349,100000
1350,010000
1351,010000
1352,100000
1353,101000
1354,100000
1355,001110
1356,100000
1357,010101
1358,000001
1359,000001
1360,000001
1361,100000
1362,000001
1363,100000
1364,100000
1365,010000
1366,000001
1367,100010
1368,100000
1369,100000
1370,100000
1371,010000
1372,000001
1373,110110
1374,100000
1375,100000
1376,100000
1377,000010
1378,000001
1379,101100
1380,100000
1381,010010
1382,010010
1383,100000
1384,100000
1385,000001
1386,100000
1387,000001
1388,100000
1389,000001
1390,100000
1391,000001
1392,000001
1393,110100
1394,100000
1395,000001
1396,000001
1397,100000
1398,100000
1399,001000
1400,100000
1401,011010
1402,000001
1403,100000
1404,100000
1405,000010
1406,100000
1407,010010
1408,000001
1409,110000
1410,110100
1411,000001
1412,100000
1413,100000
1414,000001
1415,110100
1416,100000
1417,100000
1418,001000
1419,100000
1420,100000
1421,100000
1422,100000
1423,000001
1424,000001
1425,011000
1426,000001
1427,100000
1428,100010
1429,100000
1430,110000
1431,100000
1432,100000
1433,001000
1434,100000
1435,100000
1436,100000
1437,010100
1438,100000
1439,100000
1440,100000
1441,100000
1442,001000
1443,100100
1444,100000
1445,100100
1446,100000
1447,100000
1448,100010
1449,100000
1450,100000
1451,010010
1452,000001
1453,010000
1454,000001
1455,100000
1456,111100
1457,110100
1458,000001
1459,010000
1460,100000
1461,110110
1462,000001
1463,000001
1464,100000
1465,100000
1466,100000
1467,100000
1468,001000
1469,100000
1470,000001
1471,010000
1472,011100
1473,100000
1474,000001
1475,100000
1476,100000
1477,100000
1478,100000
1479,100000
1480,010010
1481,000001
1482,100000
1483,100000
1484,100000
1485,100000
1486,000001
1487,100000
1488,100000
1489,100000
1490,100000
1491,100000
1492,110000
1493,111100
1494,000010
1495,000001
1496,000001
1497,100000
1498,110000
1499,100000
1500,000100
1501,101000
1502,000010
1503,000001
1504,100000
1505,000001
1506,100000
1507,100000
1508,100000
1509,100000
1510,100000
1511,000001
1512,011010
1513,000001
1514,100000
1515,010010
1516,110100
1517,000001
1518,000010
1519,000001
1520,100000
1521,100000
1522,100000
1523,100000
1524,100000
1525,100000
1526,100000
1527,100000
1528,100000
1529,010000
1530,001000
1531,100000
1532,100000
1533,100000
1534,010100
1535,100000
1536,100000
1537,100000
1538,100000
1539,100000
1540,000001
1541,100000
1542,100000
1543,100000
1544,100000
1545,000010
1546,101000
1547,000100
1548,000100
1549,000001
1550,100000
1551,000001
1552,000001
1553,101000
1554,110100
1555,100000
1556,100010
1557,100000
1558,000001
1559,100000
1560,100000
1561,100000
1562,110000
1563,000001
1564,100000
1565,100000
1566,100000
1567,100100
1568,000001
1569,100000
1570,010000
1571,000001
1572,100000
1573,100000
1574,100000
1575,111110
1576,100000
1577,100000
1578,010000
1579,100000
1580,000001
1581,000001
1582,100100
1583,000001
1584,000001
1585,101000
1586,100000
1587,100000
1588,010010
1589,100000
1590,000001
1591,100000
1592,100000
1593,100000
1594,000001
1595,100000
1596,000001
1597,000001
1598,100000
1599,010000
1600,100100
1601,101000
1602,000001
1603,000001
1604,100000
1605,011100
1606,100000
1607,000001
1608,101000
1609,100000
1610,100000
1611,100000
1612,100000
1613,100000
1614,100000
1615,000001
1616,100000
1617,000001
1618,100000
1619,010000
1620,100000
1621,100000
1622,100000
1623,100000
1624,100000
1625,000001
1626,100000
1627,100000
1628,100000
1629,000001
1630,000001
1631,100000
1632,100100
1633,100000
1634,000001
1635,000010
1636,100000
1637,011100
1638,100000
1639,100000
1640,111100
1641,100000
1642,100000
1643,100000
1644,000010
1645,100000
1646,100000
1647,100000
1648,100000
1649,100000
1650,100000
1651,100000
1652,000100
1653,000001
1654,100100
1655,000001
1656,100000
1657,100000
1658,010100
1659,010100
1660,100000
1661,000001
1662,000001
1663,100000
1664,010000
1665,100000
1666,100000
1667,000001
1668,100000
1669,010000
1670,000001
1671,100000
1672,010010
1673,100000
1674,100000
1675,100000
1676,100000
1677,100000
1678,100000
1679,100000
1680,100000
1681,010000
1682,110100
1683,100000
1684,000010
1685,000001
1686,000001
1687,000001
1688,100000
1689,000001
1690,111000
1691,010000
1692,110000
1693,100000
1694,100000
1695,100000
1696,010100
1697,000001
1698,100000
1699,100000
1700,100000
1701,100000
1702,100000
1703,010110
1704,100000
1705,100000
1706,100000
1707,100000
1708,100100
1709,100000
1710,100000
1711,001000
1712,111010
1713,110010
1714,000001
1715,000001
1716,100000
1717,110000
1718,100000
1719,000001
1720,000001
1721,100000
1722,100000
1723,000001
1724,100000
1725,000001
1726,100000
1727,100000
1728,100000
1729,100000
1730,100000
1731,100100
1732,000010
1733,100000
1734,000001
1735,000001
1736,100000
1737,001000
1738,100000
1739,100000
1740,110100
1741,000001
1742,000001
1743,000001
1744,011100
1745,100000
1746,100000
1747,100000
1748,010000
1749,100000
1750,000100
1751,110000
1752,100000
1753,100000
1754,100000
1755,100010
1756,100000
1757,001110
1758,011100
1759,100000
1760,100000
1761,000001
1762,110000
1763,100000
1764,110000
1765,100000
1766,000001
1767,100000
1768,100000
1769,110000
1770,100000
1771,100000
1772,000001
1773,100000
1774,010000
1775,000001
1776,100000
1777,100000
1778,100000
1779,100000
1780,010000
1781,000001
1782,100000
1783,100000
1784,100000
1785,100000
1786,000001
1787,001000
1788,000001
1789,010000
1790,100000
1791,000001
1792,100000
1793,111000
1794,100100
1795,100000
1796,100000
1797,100000
1798,100000
1799,000001
1800,100000
1801,000001
1802,000001
1803,000001
1804,100000
1805,100000
1806,100000
1807,100000
1808,100000
1809,100000
1810,110110
1811,000001
1812,100000
1813,000001
1814,100000
1815,100000
1816,100000
1817,000010
1818,101000
1819,100000
1820,100000
1821,100000
1822,100000
1823,000001
1824,100000
1825,010000
1826,100000
1827,100000
1828,100000
1829,100000
1830,100000
1831,100000
1832,100000
1833,100000
1834,100000
1835,100000
1836,100000
1837,100000
1838,100000
1839,000010
1840,100000
1841,100010
1842,100000
1843,010110
1844,100000
1845,100000
1846,100000
1847,100000
1848,100000
1849,100000
1850,100000
1851,000001
1852,100000
1853,000010
1854,000010
1855,100010
1856,100000
1857,000001
1858,100000
1859,100000
1860,000001
1861,000001
1862,100000
1863,101000
1864,100000
1865,100000
1866,100000
1867,010000
1868,100000
1869,100000
1870,100000
1871,101000
1872,011000
1873,101000
1874,010000
1875,100000
1876,100000
1877,100000
1878,110000
1879,100000
1880,100000
1881,100000
1882,100000
1883,100000
1884,010000
1885,000001
1886,100000
1887,000001
1888,000010
1889,100000
1890,001000
1891,000001
1892,010010
1893,010000
1894,100000
1895,000001
1896,100000
1897,100000
1898,001000
1899,100000
1900,000001
1901,000001
1902,100000
1903,100000
1904,100000
1905,000001
1906,110000
1907,010000
1908,100000
1909,100000
1910,100000
1911,100000
1912,100000
1913,100000
1914,100000
1915,100000
1916,011100
1917,100000
1918,100000
1919,100000
1920,100000
1921,100000
1922,100000
1923,000001
1924,000001
1925,100000
1926,100000
1927,100000
1928,011110
1929,100000
1930,100000
1931,100000
1932,110000
1933,100000
1934,100000
1935,100000
1936,000010
1937,000010
1938,000001
1939,100000
1940,000001
1941,000001
1942,000001
1943,100000
1944,000001
1945,100000
1946,111010
1947,000001
1948,100000
1949,100000
1950,100000
1951,100000
1952,100000
1953,100000
1954,100000
1955,100000
1956,100000
1957,100000
1958,100000
1959,000010
1960,100000
1961,100000
1962,100000
1963,100000
1964,010101
1965,100000
1966,100000
1967,100000
1968,100000
1969,100000
1970,100100
1971,100100
1972,000001
1973,000001
1974,000001
1975,100000
1976,100000
1977,100000
1978,000001
1979,100000
1980,100000
1981,100000
1982,000001
1983,000001
1984,100000
1985,000001
1986,100000
1987,000001
1988,000001
1989,000001
1990,100000
1991,100000
1992,110000
1993,100000
1994,000001
1995,100000
1996,100000
1997,100000
1998,100000
1999,000001
2000,100000
2001,110000
2002,100000
2003,010000
2004,100000
2005,000001
2006,100000
2007,000001
2008,000001
2009,100000
2010,100000
2011,100000
2012,100000
2013,100000
2014,100000
2015,100000
2016,000001
2017,100100
2018,100000
2019,000100
2020,100000
2021,100000
2022,000001
2023,100000
2024,000001
2025,100000
2026,100000
2027,000001
2028,000001
2029,100000
2030,100010
2031,100000
2032,010110
2033,000001
2034,100000
2035,000001
2036,011100
2037,100000
2038,000001
2039,100000
2040,100000
2041,100000
2042,000001
2043,000001
2044,100000
2045,100000
2046,100000
2047,000001
2048,101000
2049,100000
2050,100000
2051,100000
2052,001100
2053,100000
2054,100000
2055,001000
2056,111000
2057,100000
2058,100000
2059,100000
2060,100000
2061,100000
2062,100000
2063,100000
2064,100000
2065,100000
2066,100000
2067,100000
2068,100000
2069,000001
2070,000001
2071,100000
2072,100000
2073,100000
2074,100000
2075,100000
2076,100000
2077,000001
2078,100000
2079,110000
2080,000001
2081,000001
2082,000001
2083,010000
2084,000001
2085,100000
2086,000001
2087,110110
2088,111110
2089,100000
2090,100000
2091,100000
2092,100000
2093,100000
2094,100000
2095,001010
2096,100000
2097,100000
2098,110000
2099,000001
2100,111000
2101,110100
2102,100000
2103,000001
2104,100000
2105,110000
2106,100000
2107,100000
2108,100000
2109,100000
2110,100000
2111,000001
2112,100000
2113,000001
2114,100010
2115,100000
2116,000001
2117,100000
2118,100000
2119,000001
2120,111100
2121,010010
2122,100000
2123,100000
2124,110100
2125,011010
2126,100000
2127,100000
2128,100000
2129,010000
2130,000001
2131,100000
2132,000001
2133,100000
2134,100000
2135,101100
2136,010100
2137,100000
2138,000001
2139,100000
2140,100000
2141,000010
2142,011010
2143,100000
2144,100000
2145,100000
2146,001000
2147,100000
2148,100000
2149,100000
2150,100000
2151,011100
2152,100000
2153,100000
2154,000010
2155,010100
2156,100000
2157,000001
2158,100000
2159,100000
2160,101100
2161,100000
2162,000001
2163,100000
2164,100000
2165,100000
2166,100000
2167,100000
2168,000001
2169,100000
2170,000001
2171,100100
2172,100000
2173,100000
2174,100000
2175,100000
2176,100000
2177,100000
2178,100000
2179,000001
2180,100000
2181,100000
2182,000001
2183,100000
2184,101000
2185,000001
2186,010000
2187,100000
2188,100000
2189,100000
2190,100000
2191,100000
2192,000001
2193,000001
2194,100000
2195,100000
2196,100000
2197,000001
2198,000001
2199,101100
2200,100000
2201,000001
2202,100000
2203,100000
2204,110010
2205,100000
2206,011100
2207,000001
2208,100000
2209,000001
2210,110010
2211,100000
2212,100000
2213,100000
2214,100000
2215,100000
2216,100000
2217,100000
2218,010000
2219,000001
2220,100000
2221,110000
2222,010000
2223,010000
2224,000001
2225,100000
2226,100000
2227,100000
2228,100000
2229,100000
2230,000010
2231,100000
2232,101000
2233,100010
2234,110000
2235,100000
2236,010010
2237,001000
2238,000001
2239,100000
2240,000001
2241,100000
2242,000010
2243,011010
2244,000001
2245,100000
2246,100000
2247,010010
2248,000100
2249,100000
2250,000001
2251,101100
2252,110000
2253,100000
2254,100000
2255,100000
2256,000010
2257,010100
2258,000001
2259,000001
2260,100000
2261,100000
2262,001000
2263,100000
2264,000001
2265,100000
2266,000001
2267,100000
2268,100000
2269,010000
2270,000001
2271,100000
2272,100000
2273,100000
2274,100000
2275,001000
2276,100000
2277,100000
2278,000001
2279,100000
2280,100000
2281,000001
2282,000001
2283,000001
2284,000001
2285,000010
2286,000010
2287,100000
2288,000001
2289,100000
2290,100000
2291,110000
2292,100000
2293,010100
2294,100010
2295,100000
2296,100000
2297,100000
2298,100000
2299,000001
2300,100000
2301,001100
2302,111000
2303,100000
2304,000001
2305,100000
2306,000001
2307,000001
2308,010000
2309,010000
2310,100000
2311,100000
2312,100000
2313,100000
2314,100000
2315,100000
2316,100000
2317,100000
2318,010000
2319,100000
2320,100000
2321,100000
2322,001100
2323,000001
2324,000001
2325,100000
2326,100000
2327,010000
2328,100000
2329,010100
2330,100000
2331,000001
2332,000001
2333,100000
2334,000001
2335,100000
2336,100100
2337,100000
2338,100000
2339,100000
2340,100000
2341,100000
2342,100000
2343,100000
2344,000001
2345,100000
2346,100000
2347,100000
2348,100010
2349,000001
2350,010110
2351,000001
2352,000001
2353,110000
2354,100000
2355,100000
2356,101100
2357,000001
2358,000001
2359,100000
2360,100000
2361,100000
2362,000001
2363,110010
2364,100000
2365,100000
2366,100000
2367,000100
2368,100000
2369,100000
2370,100000
2371,000001
2372,100000
2373,000001
2374,110100
2375,000001
2376,100000
2377,100000
2378,000001
2379,010000
2380,100000
2381,100000
2382,100000
2383,100000
2384,100000
2385,000001
2386,111000
2387,000100
2388,100000
2389,000001
2390,100000
2391,100000
2392,000100
2393,100000
2394,000001
2395,000100
2396,000001
2397,100000
2398,000001
2399,100000
2400,000001
2401,000001
2402,100000
2403,110100
2404,100000
2405,000001
2406,100000
2407,100000
2408,100000
2409,100000
2410,101000
2411,100000
2412,000001
2413,110000
2414,100000
2415,111100
2416,100000
2417,100000
2418,000001
2419,010010
2420,100000
2421,100000
2422,100000
2423,000001
2424,011100
2425,000001
2426,100000
2427,100000
2428,100000
2429,000010
2430,100000
2431,100000
2432,000001
2433,000001
2434,100000
2435,011100
2436,100000
2437,010010
2438,100000
2439,100000
2440,000001
2441,100000
2442,000001
2443,000001
2444,100000
2445,000001
2446,000001
2447,110010
2448,100000
2449,100000
2450,100000
2451,100000
2452,100000
2453,100000
2454,100000
2455,100000
2456,110000
2457,100000
2458,100000
2459,100000
2460,110100
2461,110100
2462,100000
2463,100000
2464,100100
2465,100000
2466,100000
2467,100000
2468,100000
2469,111000
2470,010100
2471,100000
2472,100000
2473,000001
2474,100000
2475,010000
2476,010000
2477,000001
2478,100000
2479,100000
2480,100000
2481,110000
2482,100000
2483,000001
2484,000010
2485,101100
2486,100100
2487,100000
2488,100000
2489,100000
2490,000001
2491,100000
2492,100000
2493,000001
2494,100000
2495,000001
2496,100000
2497,100000
2498,011100
2499,000001
2500,000001
2501,100000
2502,100000
2503,100000
2504,100000
2505,100000
2506,110100
2507,100000
2508,111000
2509,100000
2510,000001
2511,100000
2512,100010
2513,111100
2514,010100
2515,111000
2516,100000
2517,100000
2518,100000
2519,100000
2520,100000
2521,100000
2522,000010
2523,100000
2524,100000
2525,010000
2526,100000
2527,000010
2528,110000
2529,100000
2530,101000
2531,100000
2532,100000
2533,010000
2534,000001
2535,100010
2536,000001
2537,100000
2538,100000
2539,110000
2540,101100
2541,110100
2542,000001
2543,100000
2544,100000
2545,000001
2546,000001
2547,000001
2548,100000
2549,100000
2550,100000
2551,100000
2552,000001
2553,100000
2554,100000
2555,100000
2556,100000
2557,100000
2558,100000
2559,100000
2560,100000
2561,100000
2562,100000
2563,100000
2564,000001
2565,110000
2566,000001
2567,100000
2568,010100
2569,100000
2570,000001
2571,100000
2572,000001
2573,100000
2574,100000
2575,100000
2576,100000
2577,100000
2578,101000
2579,100000
2580,101000
2581,000001
2582,100000
2583,100000
2584,000001
2585,100000
2586,100000
2587,100000
2588,100000
2589,100000
2590,100000
2591,100000
2592,100000
2593,100000
2594,100000
2595,100000
2596,100000
2597,000001
2598,000001
2599,110010
2600,010110
2601,010110
2602,010010
2603,010110
2604,100000
2605,100000
2606,100000
2607,100000
2608,100000
2609,100000
2610,111100
2611,100100
2612,100000
2613,100000
2614,110110
2615,100000
2616,000001
2617,100000
2618,100000
2619,000001
2620,000001
2621,100000
2622,100000
2623,000001
2624,100000
2625,100000
2626,100000
2627,100000
2628,000001
2629,100000
2630,100000
2631,100000
2632,100000
2633,100000
2634,100100
2635,000010
2636,100100
2637,100010
2638,100000
2639,100000
2640,101000
2641,000010
2642,100000
2643,100000
2644,100000
2645,010100
2646,100000
2647,000001
2648,000001
2649,100000
2650,100000
2651,100000
2652,100000
2653,000010
2654,010000
2655,100000
2656,100000
2657,000001
2658,011110
2659,100100
2660,100000
2661,000001
2662,100000
2663,001100
2664,100000
2665,100000
2666,000001
2667,100000
2668,010000
2669,000001
2670,000010
2671,100000
2672,100000
2673,100000
2674,100010
2675,100000
2676,100000
2677,100000
2678,000010
2679,100000
2680,100000
2681,010000
2682,100000
2683,101000
2684,100100
2685,100000
2686,111100
2687,100000
2688,100000
2689,100000
2690,111010
2691,000001
2692,000001
2693,110000
2694,000010
2695,010000
2696,010000
2697,100000
2698,100000
2699,000001
2700,000001
2701,000001
2702,100000
2703,001000
2704,010100
2705,100000
2706,100000
2707,100000
2708,100000
2709,100000
2710,100000
2711,100000
2712,000001
2713,100000
2714,100000
2715,100000
2716,100000
2717,100000
2718,100000
2719,000001
2720,110000
2721,100000
2722,100000
2723,100000
2724,100000
2725,100000
2726,100010
2727,000001
2728,100000
2729,100000
2730,000010
2731,100000
2732,011000
2733,110000
2734,100000
2735,000001
2736,100000
2737,100000
2738,100000
2739,000001
2740,111110
2741,100000
2742,000001
2743,100000
2744,000001
2745,000010
2746,100000
2747,100000
2748,000001
2749,010000
2750,010000
2751,000001
2752,000010
2753,000001
2754,100000
2755,000001
2756,110010
2757,100000
2758,010000
2759,000001
2760,000001
2761,010000
2762,100000
2763,100000
2764,100000
2765,100000
2766,100000
2767,100000
2768,100000
2769,100000
2770,100000
2771,100000
2772,100000
2773,100000
2774,100000
2775,100000
2776,100000
2777,000001
2778,110000
2779,000001
2780,010010
2781,100000
2782,100000
2783,100010
2784,110110
2785,010000
2786,100000
2787,100000
2788,100000
2789,101100
2790,010100
2791,000001
2792,100000
2793,000010
2794,100000
2795,100000
2796,100000
2797,100000
2798,110000
2799,000001
2800,100010
2801,001000
2802,100000
2803,100000
2804,000001
2805,100000
2806,100000
2807,100000
2808,100000
2809,100000
2810,000001
2811,100000
2812,100000
2813,100000
2814,100000
2815,101100
2816,110000
2817,100000
2818,100000
2819,100010
2820,100000
2821,111000
2822,100000
2823,100000
2824,110000
2825,100000
2826,000001
2827,000001
2828,100000
2829,100000
2830,100010
2831,010010
2832,100000
2833,000001
2834,100000
2835,010000
2836,110000
2837,000001
2838,100000
2839,100000
2840,100000
2841,100000
2842,100000
2843,100000
2844,000001
2845,010000
2846,000001
2847,001000
2848,000001
2849,100000
2850,001000
2851,000001
2852,000010
2853,100000
2854,000001
2855,000001
2856,010100
2857,100000
2858,000001
2859,100000
2860,100000
2861,100000
2862,100100
2863,100000
2864,000010
2865,000001
2866,110100
2867,100000
2868,000001
2869,100000
2870,100000
2871,010000
2872,110100
2873,100000
2874,100000
2875,100000
2876,110100
2877,110100
2878,010110
2879,000010
2880,100000
2881,110010
2882,010010
2883,010010
2884,100000
2885,100000
2886,100000
2887,000001
2888,100000
2889,110000
2890,110010
2891,000001
2892,100000
2893,100000
2894,100000
2895,010000
2896,100000
2897,100000
2898,100000
2899,100000
2900,000100
2901,000001
2902,000001
2903,000001
2904,010010
2905,010010
2906,100000
2907,000001
2908,100000
2909,101100
2910,000001
2911,100000
2912,100000
2913,100000
2914,100000
2915,000001
2916,110000
2917,100000
2918,100000
2919,100000
2920,100000
2921,100000
2922,000001
2923,111000
2924,010000
2925,100000
2926,000001
2927,000001
2928,100000
2929,010000
2930,100000
2931,000001
2932,100000
2933,010000
2934,000001
2935,100000
2936,000001
2937,100000
2938,100000
2939,100000
2940,100000
2941,100000
2942,000001
2943,000001
2944,100000
2945,000001
2946,110000
2947,000001
2948,100000
2949,100000
2950,100000
2951,100000
2952,011010
2953,100000
2954,000001
2955,010010
2956,100000
2957,100000
2958,100000
2959,010000
2960,000001
2961,010000
2962,100000
2963,100000
2964,101000
2965,000001
2966,101000
2967,000001
2968,100000
2969,100000
2970,100000
2971,100000
2972,100000
2973,000010
2974,110010
2975,100000
2976,100000
2977,010000
2978,000001
2979,100000
2980,000001
2981,000001
2982,000010
2983,010010
2984,100000
2985,000100
2986,100000
2987,011000
2988,000001
2989,100000
2990,000001
2991,100000
2992,110100
2993,000001
2994,000010
2995,100000
2996,010110
2997,110000
2998,100000
2999,100000
3000,100000
3001,100000
3002,100000
3003,110000
3004,010000
3005,100000
3006,100110
3007,100000
3008,100000
3009,010100
3010,100000
3011,100000
3012,000001
3013,000001
3014,100000
3015,100000
3016,110000
3017,100000
3018,100000
3019,000001
3020,000001
3021,100000
3022,100000
3023,100000
3024,100000
3025,100000
3026,010100
3027,100000
3028,100000
3029,000001
3030,100000
3031,100000
3032,100000
3033,000001
3034,000001
3035,100000
3036,100000
3037,100000
3038,100000
3039,101000
3040,100000
3041,100000
3042,100000
3043,100000
3044,010100
3045,100000
3046,100000
3047,100000
3048,100010
3049,100010
3050,100000
3051,100000
3052,100000
3053,010100
3054,100000
3055,000001
3056,100000
3057,100000
3058,000001
3059,100000
3060,100000
3061,000001
3062,000001
3063,100000
3064,000001
3065,100000
3066,100000
3067,110000
3068,100000
3069,100000
3070,100000
3071,000001
3072,100000
3073,100000
3074,100000
3075,100000
3076,100000
3077,100000
3078,100000
3079,100000
3080,010010
3081,000001
3082,000001
3083,100000
3084,100000
3085,100000
3086,000001
3087,100000
3088,100000
3089,000001
3090,110100
3091,010000
3092,100000
3093,000001
3094,100000
3095,010010
3096,100000
3097,100000
3098,000001
3099,010000
3100,101100
3101,000001
3102,100000
3103,100000
3104,100010
3105,100010
3106,100000
3107,100000
3108,000001
3109,100000
3110,100000
3111,000001
3112,100000
3113,100000
3114,100000
3115,000001
3116,100000
3117,100000
3118,100110
3119,000001
3120,100000
3121,000001
3122,100000
3123,100000
3124,100000
3125,000001
3126,000001
3127,100000
3128,101100
3129,000001
3130,100000
3131,010000
3132,000001
3133,000001
3134,100000
3135,010000
3136,100000
3137,100000
3138,100000
3139,100000
3140,100000
3141,100000
3142,000001
3143,100000
3144,101000
3145,100000
3146,100000
3147,100000
3148,100000
3149,100000
3150,000001
3151,000001
3152,000001
3153,100000
3154,100000
3155,100100
3156,100000
3157,000001
3158,100000
3159,000100
3160,100000
3161,100000
3162,100000
3163,100000
3164,100000
3165,000001
3166,110000
3167,100000
3168,100010
3169,000001
3170,110000
3171,100000
3172,100000
3173,000001
3174,100000
3175,100000
3176,000001
3177,100000
3178,100000
3179,100000
3180,100000
3181,100000
3182,000001
3183,110000
3184,100000
3185,010000
3186,000001
3187,100000
3188,000001
3189,100000
3190,001000
3191,100000
3192,100000
3193,100000
3194,101000
3195,000001
3196,000001
3197,000001
3198,000001
3199,000001
3200,010000
3201,100000
3202,010010
3203,110000
3204,100000
3205,100000
3206,100100
3207,100000
3208,100000
3209,001000
3210,100000
3211,000001
3212,100000
3213,100000
3214,000001
3215,100000
3216,001000
3217,100000
3218,100000
3219,000001
3220,000001
3221,100000
3222,100000
3223,000001
3224,100000
3225,100000
3226,100000
3227,000001
3228,100000
3229,000001
3230,100000
3231,100000
3232,100000
3233,100000
3234,100000
3235,010110
3236,100000
3237,100000
3238,000010
3239,000001
3240,100000
3241,000001
3242,000001
3243,000010
3244,100000
3245,100000
3246,100110
3247,000001
3248,100000
3249,100000
3250,110010
3251,100000
3252,010010
3253,100000
3254,100000
3255,100000
3256,000001
3257,000001
3258,100000
3259,000001
3260,000001
3261,100000
3262,100000
3263,100000
3264,100000
3265,100000
3266,000001
3267,100000
3268,100000
3269,000001
3270,100000
3271,000001
3272,100000
3273,000001
3274,000001
3275,100000
3276,100000
3277,100000
3278,100000
3279,100000
3280,000001
3281,100000
3282,100000
3283,100000
3284,100000
3285,100000
3286,100000
3287,100000
3288,100000
3289,100000
3290,100000
3291,100000
3292,000001
3293,111000
3294,000001
3295,000001
3296,100000
3297,100000
3298,100000
3299,100000
3300,100000
3301,100000
3302,000001
3303,100000
3304,100000
3305,100000
3306,000001
3307,100000
3308,000100
3309,000001
3310,100000
3311,100000
3312,000001
3313,100000
3314,010000
3315,100000
3316,100000
3317,000001
3318,100000
3319,100000
3320,100000
3321,100000
3322,100000
3323,100000
3324,100000
3325,100000
3326,000001
3327,001000
3328,001000
3329,000001
3330,000001
3331,000001
3332,100000
3333,000001
3334,000001
3335,100000
3336,000001
3337,000001
3338,100000
3339,000001
3340,100000
3341,100000
3342,100000
3343,100000
3344,100000
3345,011010
3346,101000
3347,010100
3348,000001
3349,100000
3350,000010
3351,010100
3352,000001
3353,100000
3354,000001
3355,100000
3356,100000
3357,100000
3358,000001
3359,100000
3360,000001
3361,001000
3362,100000
3363,100000
3364,100000
3365,100000
3366,100000
3367,100000
3368,000001
3369,100000
3370,100000
3371,100000
3372,000001
3373,011000
3374,100000
3375,001000
3376,010000
3377,010000
3378,100000
3379,000001
3380,000001
3381,100000
3382,000001
3383,100000
3384,100000
3385,000001
3386,100000
3387,000001
3388,110100
3389,000001
3390,000010
3391,000001
3392,100000
3393,100000
3394,100000
3395,100000
3396,110000
3397,000001
3398,100000
3399,100000
3400,100000
3401,100000
3402,100000
3403,100010
3404,100000
3405,100000
3406,100000
3407,000001
3408,111100
3409,100000
3410,100000
3411,100000
3412,000001
3413,100000
3414,100000
3415,100000
3416,100000
3417,100000
3418,100000
3419,100000
3420,100000
3421,010010
3422,100000
3423,100000
3424,100000
3425,100000
3426,000001
3427,100000
3428,100000
3429,100000
3430,100000
3431,100000
3432,000001
3433,011100
3434,100000
3435,010100
3436,111010
3437,001000
3438,000001
3439,100000
3440,000001
3441,100000
3442,010000
3443,100000
3444,011100
3445,100000
3446,100010
3447,100000
3448,011100
3449,100000
3450,000001
3451,100000
3452,100000
3453,100000
3454,000001
3455,101000
3456,100000
3457,000001
3458,000001
3459,000001
3460,100000
3461,000010
3462,100000
3463,001010
3464,111000
3465,000001
3466,111100
3467,100000
3468,100000
3469,011010
3470,100000
3471,100000
3472,000001
3473,111000
3474,111000
3475,100000
3476,000001
3477,100000
3478,100000
3479,000001
3480,100000
3481,100000
3482,010000
3483,100000
3484,100000
3485,100000
3486,000001
3487,100000
3488,000001
3489,010000
3490,010000
3491,100000
3492,100000
3493,100000
3494,011100
3495,100000
3496,000001
3497,100000
3498,000001
3499,100000
3500,100000
3501,100000
3502,100000
3503,100000
3504,100000
3505,000001
3506,111000
3507,100000
3508,000001
3509,010010
3510,001000
3511,100000
3512,000001
3513,000001
3514,100000
3515,000001
3516,000001
3517,000001
3518,100000
3519,100000
3520,000001
3521,100000
3522,000100
3523,100000
3524,010100
3525,101000
3526,100000
3527,010000
3528,000001
3529,100000
3530,010100
3531,100000
3532,000010
3533,100000
3534,111100
3535,000001
3536,100000
3537,100000
3538,100000
3539,100000
3540,100000
3541,000010
3542,000001
3543,100000
3544,111100
3545,100000
3546,000001
3547,000001
3548,100000
3549,100100
3550,100000
3551,100000
3552,100000
3553,100000
3554,000001
3555,110100
3556,000001
3557,100000
3558,100000
3559,100000
3560,100000
3561,100000
3562,100000
3563,000001
3564,100000
3565,100000
3566,100000
3567,001000
3568,100000
3569,100000
3570,000001
3571,110000
3572,100000
3573,010000
3574,100000
3575,100000
3576,100000
3577,100000
3578,000001
3579,101100
3580,100010
3581,100000
3582,100000
3583,100000
3584,000001
3585,000001
3586,000001
3587,000001
3588,100000
3589,001000
3590,100000
3591,000001
3592,000001
3593,010000
3594,100000
3595,100000
3596,100000
3597,100000
3598,100000
3599,000001
3600,100000
3601,100000
3602,000010
3603,100000
3604,000001
3605,100000
3606,100000
3607,100000
3608,100000
3609,100000
3610,011100
3611,011100
3612,010000
3613,010000
3614,000001
3615,100000
3616,100000
3617,000100
3618,001000
3619,100000
3620,100000
3621,100010
3622,100010
3623,100000
3624,110110
3625,100000
3626,101000
3627,100000
3628,100000
3629,000001
3630,100000
3631,100000
3632,100000
3633,000001
3634,100000
3635,100000
3636,100000
3637,100000
3638,100000
3639,100000
3640,100000
3641,100000
3642,100000
3643,100000
3644,101000
3645,100000
3646,101110
3647,000001
3648,001000
3649,000001
3650,100000
3651,100000
3652,011110
3653,100000
3654,100000
3655,000001
3656,100000
3657,100000
3658,000001
3659,100000
3660,100000
3661,100000
3662,000001
3663,000001
3664,100000
3665,100000
3666,000001
3667,100000
3668,100000
3669,001000
3670,100000
3671,100000
3672,100000
3673,100000
3674,000001
3675,100000
3676,000001
3677,100000
3678,100000
3679,100000
3680,101100
3681,100000
3682,110000
3683,000001
3684,100000
3685,000001
3686,000001
3687,100000
3688,100000
3689,100000
3690,000001
3691,100000
3692,100000
3693,100000
3694,010000
3695,000010
3696,100000
3697,100000
3698,100000
3699,100000
3700,100000
3701,100000
3702,000010
3703,100000
3704,010000
3705,110000
3706,100000
3707,000010
3708,000010
3709,110100
3710,100000
3711,010010
3712,100010
3713,000001
3714,100000
3715,100000
3716,100000
3717,100000
3718,000001
3719,100000
3720,100000
3721,100000
3722,100000
3723,100000
3724,101000
3725,100000
3726,100000
3727,000001
3728,100000
3729,000001
3730,100000
3731,100000
3732,100000
3733,100000
3734,100000
3735,000001
3736,100000
3737,100000
3738,100100
3739,001000
3740,100000
3741,100000
3742,100000
3743,100000
3744,100000
3745,100000
3746,000001
3747,000010
3748,100000
3749,000001
3750,100000
3751,100000
3752,110000
3753,110100
3754,010101
3755,100000
3756,100000
3757,100000
3758,100000
3759,100000
3760,100000
3761,101000
3762,100000
3763,100000
3764,100000
3765,010000
3766,000001
3767,100000
3768,100000
3769,100000
3770,100000
3771,100000
3772,100000
3773,100000
3774,100000
3775,110000
3776,100000
3777,101000
3778,100000
3779,100000
3780,100000
3781,100000
3782,100000
3783,100000
3784,110110
3785,100000
3786,100000
3787,100000
3788,100000
3789,100000
3790,100000
3791,010010
3792,100000
3793,100000
3794,100000
3795,000001
3796,110100
3797,100000
3798,100000
3799,100000
3800,000001
3801,100000
3802,100000
3803,000001
3804,100000
3805,000001
3806,000001
3807,010000
3808,100000
3809,100000
3810,100000
3811,000100
3812,100000
3813,100000
3814,100000
3815,100000
3816,000001
3817,110010
3818,110010
3819,111010
3820,000001
3821,100000
3822,100000
3823,010000
3824,000010
3825,100000
3826,000001
3827,100000
3828,000001
3829,100000
3830,100000
3831,001100
3832,100000
3833,110000
3834,000001
3835,000001
3836,100010
3837,000001
3838,100000
3839,100000
3840,100000
3841,000010
3842,100000
3843,100000
3844,100000
3845,000010
3846,100000
3847,100000
3848,000010
3849,100000
3850,100000
3851,100000
3852,000001
3853,100000
3854,100000
3855,100000
3856,000001
3857,100000
3858,000001
3859,000001
3860,100000
3861,001000
3862,100000
3863,100000
3864,000001
3865,100000
3866,100000
3867,100000
3868,000001
3869,000001
3870,100000
3871,100000
3872,100000
3873,010000
3874,110110
3875,000001
3876,100000
3877,100000
3878,101110
3879,100000
3880,000001
3881,100000
3882,000001
3883,000001
3884,100000
3885,100000
3886,100000
3887,100000
3888,011100
3889,100000
3890,000001
3891,100000
3892,000001
3893,100000
3894,100000
3895,000001
3896,000001
3897,100000
3898,000001
3899,000001
3900,000001
3901,000001
3902,100000
3903,100000
3904,100000
3905,100000
3906,100000
3907,100000
3908,000001
3909,011100
3910,100000
3911,100000
3912,000001
3913,100000
3914,100000
3915,000001
3916,100000
3917,100000
3918,100000
3919,100000
3920,100000
3921,100000
3922,100000
3923,101100
3924,100000
3925,010110
3926,010110
3927,100000
3928,000001
3929,110100
3930,100000
3931,100000
3932,100000
3933,000001
3934,100000
3935,100000
3936,100000
3937,100000
3938,100000
3939,100000
3940,100000
3941,100000
3942,000001
3943,100000
3944,000001
3945,100000
3946,100000
3947,100000
3948,000001
3949,100000
3950,100000
3951,100000
3952,100000
3953,100000
3954,100000
3955,000001
3956,100000
3957,100000
3958,100000
3959,100000
3960,100000
3961,100000
3962,100000
3963,110100
3964,000001
3965,100010
3966,000001
3967,100000
3968,100000
3969,100000
3970,010000
3971,010000
3972,100000
3973,100000
3974,100000
3975,010010
3976,000001
3977,100000
3978,011000
3979,000001
3980,000001
3981,100010
3982,000001
3983,010000
3984,010100
3985,000001
3986,000001
3987,100100
3988,100100
3989,000001
3990,000001
3991,100100
3992,100000
3993,100000
3994,100000
3995,100000
3996,100000
3997,100000
3998,100000
3999,100000
4000,100000
4001,100000
4002,100000
4003,100000
4004,000010
4005,000001
4006,100000
4007,100000
4008,100000
4009,100000
4010,000001
4011,000001
4012,100000
4013,100000
4014,100000
4015,100100
4016,100100
4017,010000
4018,100000
4019,100000
4020,100000
4021,100000
4022,100000
4023,110100
4024,000001
4025,000001
4026,000001
4027,100000
4028,100000
4029,100000
4030,100000
4031,100000
4032,100000
4033,100000
4034,100000
4035,100000
4036,100000
4037,010100
4038,100000
4039,100000
4040,100000
4041,100000
4042,100000
4043,000001
4044,100000
4045,101000
4046,100000
4047,000001
4048,000001
4049,010000
4050,000001
4051,100000
4052,100000
4053,100000
4054,100000
4055,100000
4056,100000
4057,110100
4058,000001
4059,100000
4060,001100
4061,000001
4062,100000
4063,100000
4064,100000
4065,100000
4066,100000
4067,100000
4068,100000
4069,100000
4070,000001
4071,000001
4072,100010
4073,100000
4074,100000
4075,100000
4076,100000
4077,100000
4078,100000
4079,100000
4080,000001
4081,000001
4082,000001
4083,100000
4084,000001
4085,100000
4086,100000
4087,000001
4088,100000
4089,100000
4090,100000
4091,100000
4092,111000
4093,000001
4094,100000
4095,100000
4096,000001
4097,100000
4098,000001
4099,100000
4100,100000
4101,100000
4102,111100
4103,100010
4104,100000
4105,111100
4106,111100
4107,100000
4108,100000
4109,100000
4110,100000
4111,100000
4112,100000
4113,100000
4114,100000
4115,100000
4116,110000
4117,000001
4118,100000
4119,100000
4120,110100
4121,110100
4122,100000
4123,010000
4124,100000
4125,100000
4126,000001
4127,100000
4128,100000
4129,100000
4130,100000
4131,100000
4132,100000
4133,100000
4134,000001
4135,100000
4136,100000
4137,000001
4138,000001
4139,100000
4140,100000
4141,100000
4142,100000
4143,100000
4144,100000
4145,000001
4146,100000
4147,100000
4148,100000
4149,101000
4150,000001
4151,110100
4152,000001
4153,000001
4154,100000
4155,100000
4156,000001
4157,100000
4158,101100
4159,100000
4160,000001
4161,000001
4162,100000
4163,000001
4164,100000
4165,000001
4166,100000
4167,100000
4168,100000
4169,100000
4170,100000
4171,000001
4172,000001
4173,000001
4174,100000
4175,000001
4176,100000
4177,100000
4178,100000
4179,100000
4180,100000
4181,100000
4182,100000
4183,100000
4184,000001
4185,100000
4186,100000
4187,000001
4188,000001
4189,000001
4190,000001
4191,000001
4192,000001
4193,100000
4194,100000
4195,100000
4196,100000
4197,000001
4198,010000
4199,101000
4200,100000
4201,101000
4202,100000
4203,100000
4204,000001
4205,100000
4206,100000
4207,000001
4208,100000
4209,000001
4210,000001
4211,100000
4212,000001
4213,100000
4214,100000
4215,000001
4216,000001
4217,010000
4218,100000
4219,100000
4220,000001
4221,000001
4222,111000
4223,100000
4224,100000
4225,100000
4226,100000
4227,000001
4228,100000
4229,111000
4230,100000
4231,100000
4232,000001
4233,100000
4234,000001
4235,100000
4236,100000
4237,100000
4238,100000
4239,101000
4240,000001
4241,100000
4242,100000
4243,100000
4244,100000
4245,000001
4246,010100
4247,100000
4248,100000
4249,100000
4250,100000
4251,100000
4252,100000
4253,100000
4254,100000
4255,000001
4256,100000
4257,000001
4258,000001
4259,100000
4260,100000
4261,000001
4262,100000
4263,100000
4264,100000
4265,100000
4266,000001
4267,100000
4268,100000
4269,101000
4270,000010
4271,100000
4272,110000
4273,100000
4274,100010
4275,010100
4276,100000
4277,100000
4278,100000
4279,100000
4280,100000
4281,100010
4282,000001
4283,100000
4284,100000
4285,100000
4286,100000
4287,100000
4288,100000
4289,100000
4290,100000
4291,000001
4292,100000
4293,100000
4294,100000
4295,100000
4296,100000
4297,100000
4298,101000
4299,100000
4300,100000
4301,100000
4302,100000
4303,100000
4304,110000
4305,110100
4306,100000
4307,000001
4308,110110
4309,110100
4310,000001
4311,000001
4312,000001
4313,010110
4314,100000
4315,000001
4316,100000
4317,100000
4318,100000
4319,010000
4320,000001
4321,010000
4322,010100
4323,000001
4324,100000
4325,100000
4326,100000
4327,000001
4328,100000
4329,000001
4330,100000
4331,100100
4332,110100
4333,111010
4334,100000
4335,000001
4336,100000
4337,100000
4338,100000
4339,100000
4340,100000
4341,100000
4342,100000
4343,000001
4344,100000
4345,000001
4346,100000
4347,100000
4348,100000
4349,000001
4350,000001
4351,100000
4352,110000
4353,110000
4354,100000
4355,100000
4356,100000
4357,100000
4358,100000
4359,100000
4360,100000
4361,000001
4362,100000
4363,000001
4364,010000
4365,100000
4366,100000
4367,100000
4368,100000
4369,100000
4370,100000
4371,100000
4372,110100
4373,100000
4374,000001
4375,100000
4376,100000
4377,100000
4378,100000
4379,000001
4380,100010
4381,000010
4382,100010
4383,000010
4384,100000
4385,100000
4386,100000
4387,100000
4388,100000
4389,101000
4390,000001
4391,100000
4392,100000
4393,100000
4394,100000
4395,101000
4396,100000
4397,100000
4398,100000
4399,100000
4400,000001
4401,100000
4402,100000
4403,100100
4404,100000
4405,100000
4406,100000
4407,000001
4408,000001
4409,100000
4410,100000
4411,100000
4412,100000
4413,100000
4414,000001
4415,010000
4416,100000
4417,100000
4418,000001
4419,100000
4420,100000
4421,000001
4422,110000
4423,000001
4424,100000
4425,000001
4426,000001
4427,100000
4428,000001
4429,100000
4430,000001
4431,000001
4432,100000
4433,000001
4434,100000
4435,100000
4436,000001
4437,100010
4438,100000
4439,100000
4440,100000
4441,000001
4442,110000
4443,110000
4444,000001
4445,110010
4446,000001
4447,000001
4448,100000
4449,100000
4450,001000
4451,100000
4452,010000
4453,010000
4454,000001
4455,100000
4456,100000
4457,100000
4458,000001
4459,100000
4460,000001
4461,100000
4462,100000
4463,000001
4464,000001
4465,100000
4466,100000
4467,000001
4468,010000
4469,010000
4470,100000
4471,110010
4472,100000
4473,000001
4474,010000
4475,100000
4476,100000
4477,100000
4478,100000
4479,110000
4480,110000
4481,100000
4482,100000
4483,100000
4484,100000
4485,101000
4486,100000
4487,100000
4488,100000
4489,100000
4490,000001
4491,101000
4492,100000
4493,100000
4494,100000
4495,100100
4496,100000
4497,100000
4498,100000
4499,100010
4500,000001
4501,100000
4502,100000
4503,100000
4504,100000
4505,100000
4506,100010
4507,100000
4508,100000
4509,100000
4510,100000
4511,100000
4512,110100
4513,111100
4514,100000
4515,000001
4516,100000
4517,000001
4518,000001
4519,100000
4520,100000
4521,100000
4522,010000
4523,010000
4524,001000
4525,100000
4526,000001
4527,100000
4528,100000
4529,110010
4530,111100
4531,100000
4532,100000
4533,100000
4534,100000
4535,100000
4536,010000
4537,100000
4538,100000
4539,100000
4540,101000
4541,100000
4542,100000
4543,010010
4544,010000
4545,000001
4546,010000
4547,110100
4548,100000
4549,100000
4550,100100
4551,001000
4552,100010
4553,000001
4554,100000
4555,100000
4556,100000
4557,100000
4558,100000
4559,000001
4560,100100
4561,100000
4562,100000
4563,001000
4564,000001
4565,000001
4566,100010
4567,000001
4568,000001
4569,000001
4570,000001
4571,100000
4572,100000
4573,000001
4574,011110
4575,100000
4576,100000
4577,100000
4578,110100
4579,100000
4580,000001
4581,100000
4582,100000
4583,100000
4584,100000
4585,000001
4586,000001
4587,000001
4588,100000
4589,001000
4590,110010
4591,100000
4592,000001
4593,000001
4594,100000
4595,000001
4596,100000
4597,100000
4598,100000
4599,000001
4600,100000
4601,100000
4602,100000
4603,100000
4604,000001
4605,000001
4606,100000
4607,100000
4608,000001
4609,110000
4610,110010
4611,010010
4612,100000
4613,100000
4614,100000
4615,100000
4616,100000
4617,100000
4618,100000
4619,100000
4620,100000
4621,000001
4622,000001
4623,100000
4624,000001
4625,100000
4626,100000
4627,100000
4628,100000
4629,100000
4630,100000
4631,100000
4632,100000
4633,100000
4634,000001
4635,100000
4636,100000
4637,100000
4638,100000
4639,100000
4640,000001
4641,100000
4642,100000
4643,100000
4644,100000
4645,100000
4646,000001
4647,000010
4648,100000
4649,100000
4650,100000
4651,000001
4652,000001
4653,100000
4654,100000
4655,100000
4656,000001
4657,100000
4658,000001
4659,100000
4660,100000
4661,100000
4662,100000
4663,000001
4664,100000
4665,100000
4666,100000
4667,100000
4668,100000
4669,001000
4670,000001
4671,100000
4672,100000
4673,100000
4674,100000
4675,000001
4676,100000
4677,100000
4678,100000
4679,000001
4680,000001
4681,100000
4682,100000
4683,100000
4684,100000
4685,100000
4686,100000
4687,100000
4688,000001
4689,100000
4690,000001
4691,101000
4692,000001
4693,100000
4694,100000
4695,100000
4696,100000
4697,100000
4698,000001
4699,100000
4700,000001
4701,000001
4702,000001
4703,000001
4704,100000
4705,100000
4706,100000
4707,110000
4708,100000
4709,100000
4710,100000
4711,100000
4712,100000
4713,100000
4714,100000
4715,100000
4716,100000
4717,100000
4718,100000
4719,100000
4720,100000
4721,100000
4722,110010
4723,100010
4724,100000
4725,000001
4726,000001
4727,100000
4728,000001
4729,100000
4730,100000
4731,100000
4732,100000
4733,110100
4734,000001
4735,100000
4736,100000
4737,100000
4738,100000
4739,100000
4740,100000
4741,000001
4742,100000
4743,000001
4744,000001
4745,100000
4746,101000
4747,100000
4748,110010
4749,110010
4750,000001
4751,000001
4752,000001
4753,010010
4754,011000
4755,000001
4756,100000
4757,100000
4758,000001
4759,100000
4760,000001
4761,100000
4762,100000
4763,100010
4764,100000
4765,000001
4766,000001
4767,100000
4768,100000
4769,000001
4770,001000
4771,100000
4772,000001
4773,100000
4774,100000
4775,000100
4776,000001
4777,100000
4778,100000
4779,100000
4780,011010
4781,100000
4782,100000
4783,100000
4784,100000
4785,100000
4786,000001
4787,000001
4788,100010
4789,100000
4790,100000
4791,100000
4792,100000
4793,110000
4794,100000
4795,100000
4796,100000
4797,100000
4798,100010
4799,000001
4800,100000
4801,100000
4802,011010
4803,100000
4804,100000
4805,110000
4806,100000
4807,100000
4808,100000
4809,000010
4810,100000
4811,100000
4812,100000
4813,100000
4814,100000
4815,100000
4816,000100
4817,000100
4818,110000
4819,010100
4820,000001
4821,000001
4822,000001
4823,100000
4824,000001
4825,000001
4826,000001
4827,100000
4828,100000
4829,000001
4830,000001
4831,100000
4832,100000
4833,100000
4834,100000
4835,000001
4836,100000
4837,100000
4838,100000
4839,100000
4840,100000
4841,100000
4842,101000
4843,100000
4844,000001
4845,100000
4846,100000
4847,010100
4848,100000
4849,100000
4850,100000
4851,100000
4852,100000
4853,100000
4854,100000
4855,100000
4856,100000
4857,100000
4858,100000
4859,100000
4860,100000
4861,100000
4862,100000
4863,100000
4864,100000
4865,110000
4866,100000
4867,100000
4868,000001
4869,100000
4870,000001
4871,100000
4872,000001
4873,100000
4874,100000
4875,100000
4876,100000
4877,100100
4878,100000
4879,100000
4880,000001
4881,100000
4882,000001
4883,100000
4884,100000
4885,100000
4886,000001
4887,100000
4888,000001
4889,000001
4890,100000
4891,100000
4892,010000
4893,000001
4894,100000
4895,000001
4896,000001
4897,001000
4898,100000
4899,100000
4900,100000
4901,100000
4902,100000
4903,000001
4904,110100
4905,100000
4906,100000
4907,100110
4908,000010
4909,000001
4910,100100
4911,000001
4912,000001
4913,110100
4914,001100
4915,110000
4916,000001
4917,100000
4918,000001
4919,010010
4920,000001
4921,000001
4922,000001
4923,100010
4924,000001
4925,010000
4926,001000
4927,000001
4928,010010
4929,001000
4930,000001
4931,001100
4932,000001
4933,000001
4934,100000
4935,000001
4936,110100
4937,000001
4938,000001
4939,100000
4940,000001
4941,100000
4942,000010
4943,000001
4944,001000
4945,010100
4946,000001
4947,100000
4948,100000
4949,010010
4950,001000
4951,000001
4952,000001
